| # | Dataset                | Type                      |      Rows | Columns | Column Names                                                                                                                                                                                                                 |
| - | ---------------------- | ------------------------- | --------: | ------: | ---------------------------------------------------------------------------------------------------------------------------------------------------------------------------------------------------------------------------- |
| 1 | Dolly 15K              | Instruction Following     |    15,011 |       3 | `instruction`, `context`, `response`                                                                                                                                                                                         |
| 2 | Alpaca                 | Instruction Following     |    52,002 |       4 | `instruction`, `input`, `output`, `text`                                                                                                                                                                                     |
| 3 | OpenAssistant (OASST1) | Conversation              |    84,437 |      18 | `message_id`, `parent_id`, `user_id`, `created_date`, `text`, `role`, `lang`, `review_count`, `review_result`, `deleted`, `rank`, `synthetic`, `model_name`, `detoxify`, `message_tree_id`, `tree_state`, `emojis`, `labels` |
| 4 | WikiText-103           | Unlabelled Knowledge Text | 1,801,350 |       1 | `text`                                                                                                                                                                                                                       |
| 5 | CNN/DailyMail          | Summarization             |   287,113 |       3 | `article`, `highlights`, `id`                                                                                                                                                                                                |
| 6 | BoolQ                  | Question Answering        |     9,427 |       3 | `question`, `answer`, `passage`                                                                                                                                                                                              |


